PRODUTO,DESC_PRODUTO,COLECAO,ANM_TIPO_PRODUTO,GRUPO_PRODUTO,SUBGRUPO_PRODUTO,LINHA,MODELAGEM
5.20552,VESTIDO BEBE LENCO DO TUCANO MINI,INV26,,5VESTIDOS,CURTO MC,TECIDO PLANO ESTAMPADO,"***** Object:  Default dbo.DEF_CHAR_1    Script Date: 5/4/2000 18:55:55 ******/
CREATE DEFAULT DEF_CHAR_1
	AS ' '"
5.20554,JARDINEIRA BEBE POODLE,INV26,,5VESTIDOS,CURTO MC,TECIDO PLANO ESTAMPADO,"***** Object:  Default dbo.DEF_CHAR_1    Script Date: 5/4/2000 18:55:55 ******/
CREATE DEFAULT DEF_CHAR_1
	AS ' '"
5.20559,VESTIDO BEBE DECORADO ESTRELAR,INV26,,5MACACÃO,CURTO MC,TECIDO PLANO ESTAMPADO,"***** Object:  Default dbo.DEF_CHAR_1    Script Date: 5/4/2000 18:55:55 ******/
CREATE DEFAULT DEF_CHAR_1
	AS ' '"
5.20577,MACAQUINHO BEBE MALHA FILHOTES,INV26,,5MACACÃO,CURTO MC,MALHA ESTAMPADA,"***** Object:  Default dbo.DEF_CHAR_1    Script Date: 5/4/2000 18:55:55 ******/
CREATE DEFAULT DEF_CHAR_1
	AS ' '"
5.20841,LEGGING MARGARIDA,INV26,,5CALÇA,LEGGING,EMB,"***** Object:  Default dbo.DEF_CHAR_1    Script Date: 5/4/2000 18:55:55 ******/
CREATE DEFAULT DEF_CHAR_1
	AS ' '"
5.21008,CAMISA ILHA,INV26,,5CAMISA,MANGA CURTA,TECIDO PLANO ESTAMPADO,"***** Object:  Default dbo.DEF_CHAR_1    Script Date: 5/4/2000 18:55:55 ******/
CREATE DEFAULT DEF_CHAR_1
	AS ' '"
5.21046,CAMISETA SILK VIVA O MAR,INV26,,5CAMISA,MANGA CURTA,MALHA LISA,"***** Object:  Default dbo.DEF_CHAR_1    Script Date: 5/4/2000 18:55:55 ******/
CREATE DEFAULT DEF_CHAR_1
	AS ' '"
5.21075,TOP BELEZA CORRIDO,INV26,,5BLUSA,TOP,TECIDO PLANO ESTAMPADO,"***** Object:  Default dbo.DEF_CHAR_1    Script Date: 5/4/2000 18:55:55 ******/
CREATE DEFAULT DEF_CHAR_1
	AS ' '"
5.21167,BLUSA RIB FLORZINHA,INV26,,5BLUSA,MANGA CURTA,MALHA LISA,"***** Object:  Default dbo.DEF_CHAR_1    Script Date: 5/4/2000 18:55:55 ******/
CREATE DEFAULT DEF_CHAR_1
	AS ' '"
5.20691,MACACAO CORES DO TUCANO,INV26,,5MACACÃO,LONGO MC,TECIDO PLANO ESTAMPADO,"***** Object:  Default dbo.DEF_CHAR_1    Script Date: 5/4/2000 18:55:55 ******/
CREATE DEFAULT DEF_CHAR_1
	AS ' '"
5.20657,SHORT SAIA MARGARIDA,INV26,,5SHORT,SHORT SAIA,TECIDO PLANO ESTAMPADO,"***** Object:  Default dbo.DEF_CHAR_1    Script Date: 5/4/2000 18:55:55 ******/
CREATE DEFAULT DEF_CHAR_1
	AS ' '"
5.21193,SHORT ESPLENDOR TROPICAL E,INV26,,5SHORT,SHORT CURTO,TECIDO PLANO ESTAMPADO,"***** Object:  Default dbo.DEF_CHAR_1    Script Date: 5/4/2000 18:55:55 ******/
CREATE DEFAULT DEF_CHAR_1
	AS ' '"
5.20557,VESTIDO BEBE JARDIM NOTURNO MINI,INV26,,5VESTIDOS,CURTO MC,TECIDO PLANO ESTAMPADO,"***** Object:  Default dbo.DEF_CHAR_1    Script Date: 5/4/2000 18:55:55 ******/
CREATE DEFAULT DEF_CHAR_1
	AS ' '"
5.20752,SHORT FLORESTA DA TIJUCA,INV26,,5SHORT,SHORT CURTO,TECIDO PLANO ESTAMPADO,"***** Object:  Default dbo.DEF_CHAR_1    Script Date: 5/4/2000 18:55:55 ******/
CREATE DEFAULT DEF_CHAR_1
	AS ' '"
5.21184,BLUSA AMARRACAO ZEBRADA,INV26,,5BLUSA,SEM MG,TECIDO PLANO LISO,"***** Object:  Default dbo.DEF_CHAR_1    Script Date: 5/4/2000 18:55:55 ******/
CREATE DEFAULT DEF_CHAR_1
	AS ' '"
5.20972,SHORT SAIA TAPETE DE FLOR OFF,INV26,,5SAIA,CURTA,TECIDO PLANO ESTAMPADO,"***** Object:  Default dbo.DEF_CHAR_1    Script Date: 5/4/2000 18:55:55 ******/
CREATE DEFAULT DEF_CHAR_1
	AS ' '"
5.20933,BIQUINI LISTRA FLOR,INV26,,5BIQUINI,BIQUINI,PRAIA,"***** Object:  Default dbo.DEF_CHAR_1    Script Date: 5/4/2000 18:55:55 ******/
CREATE DEFAULT DEF_CHAR_1
	AS ' '"
5.20743,CAMISA PAO DE ACUCAR,INV26,,5CAMISA,MANGA CURTA,TECIDO PLANO ESTAMPADO,"***** Object:  Default dbo.DEF_CHAR_1    Script Date: 5/4/2000 18:55:55 ******/
CREATE DEFAULT DEF_CHAR_1
	AS ' '"
5.20883,BLUSA LISTRA RAINBOW,INV26,,5BLUSA,SEM MG,TECIDO PLANO ESTAMPADO,"***** Object:  Default dbo.DEF_CHAR_1    Script Date: 5/4/2000 18:55:55 ******/
CREATE DEFAULT DEF_CHAR_1
	AS ' '"
5.20806,CALCA BELEZA BARRADO,INV26,,5CALÇA,RETA,TECIDO PLANO ESTAMPADO,"***** Object:  Default dbo.DEF_CHAR_1    Script Date: 5/4/2000 18:55:55 ******/
CREATE DEFAULT DEF_CHAR_1
	AS ' '"
5.21198,REGATA ESPLENDOR TROPICAL E,INV26,,5BLUSA,BLUSA ALCINHA,TECIDO PLANO ESTAMPADO,"***** Object:  Default dbo.DEF_CHAR_1    Script Date: 5/4/2000 18:55:55 ******/
CREATE DEFAULT DEF_CHAR_1
	AS ' '"
5.20974,SHORT SOMBRINHA,INV26,,5SHORT,SHORT CURTO,TECIDO PLANO ESTAMPADO,"***** Object:  Default dbo.DEF_CHAR_1    Script Date: 5/4/2000 18:55:55 ******/
CREATE DEFAULT DEF_CHAR_1
	AS ' '"
5.21205,CASACO MOLETOM FUTURO COSMICO,INV26,,5CASACO,MOLETOM,MOLETOM ESTAMPADO,"***** Object:  Default dbo.DEF_CHAR_1    Script Date: 5/4/2000 18:55:55 ******/
CREATE DEFAULT DEF_CHAR_1
	AS ' '"
5.21227,BLUSA MALHA POA FLOR,INV26,,5BLUSA,MANGA CURTA,MALHA ESTAMPADA,"***** Object:  Default dbo.DEF_CHAR_1    Script Date: 5/4/2000 18:55:55 ******/
CREATE DEFAULT DEF_CHAR_1
	AS ' '"
5.21223,SHORT MOLETOM POA FLOR,INV26,,5SHORT,BERMUDA MOLETOM,MOLETOM ESTAMPADO,"***** Object:  Default dbo.DEF_CHAR_1    Script Date: 5/4/2000 18:55:55 ******/
CREATE DEFAULT DEF_CHAR_1
	AS ' '"
5.21074,TOP CIGANINHA MARGARIDA,INV26,,5BLUSA,TOP,TECIDO PLANO ESTAMPADO,"***** Object:  Default dbo.DEF_CHAR_1    Script Date: 5/4/2000 18:55:55 ******/
CREATE DEFAULT DEF_CHAR_1
	AS ' '"
5.20853,REGATA MAR,INV26,,5BLUSA,SEM MG,MALHA ESTAMPADA,"***** Object:  Default dbo.DEF_CHAR_1    Script Date: 5/4/2000 18:55:55 ******/
CREATE DEFAULT DEF_CHAR_1
	AS ' '"
5.20697,VESTIDO POODLE,INV26,,5VESTIDOS,CURTO MC,TECIDO PLANO ESTAMPADO,"***** Object:  Default dbo.DEF_CHAR_1    Script Date: 5/4/2000 18:55:55 ******/
CREATE DEFAULT DEF_CHAR_1
	AS ' '"
5.20908,CAMISETA MALHA AR LIVRE MINI,INV26,,5CAMISA,MANGA CURTA,MALHA ESTAMPADA,"***** Object:  Default dbo.DEF_CHAR_1    Script Date: 5/4/2000 18:55:55 ******/
CREATE DEFAULT DEF_CHAR_1
	AS ' '"
5.21006,VESTIDO MALHA FUTURO COSMICO,INV26,,5VESTIDOS,CURTO MC,MALHA ESTAMPADA,"***** Object:  Default dbo.DEF_CHAR_1    Script Date: 5/4/2000 18:55:55 ******/
CREATE DEFAULT DEF_CHAR_1
	AS ' '"
5.21185,MACACAO LISTRA RAINBOW,INV26,,5MACACÃO,LONGO ALCINHA,TECIDO PLANO LISO,"***** Object:  Default dbo.DEF_CHAR_1    Script Date: 5/4/2000 18:55:55 ******/
CREATE DEFAULT DEF_CHAR_1
	AS ' '"
5.20738,BERMUDA RIO TAPETE DE FLOR,INV26,,5SHORT,BERMUDA,TECIDO PLANO ESTAMPADO,"***** Object:  Default dbo.DEF_CHAR_1    Script Date: 5/4/2000 18:55:55 ******/
CREATE DEFAULT DEF_CHAR_1
	AS ' '"
5.20645,SHORT MOLETOM GOLFINHO,INV26,,5SHORT,BERMUDA MOLETOM,MOLETOM ESTAMPADO,"***** Object:  Default dbo.DEF_CHAR_1    Script Date: 5/4/2000 18:55:55 ******/
CREATE DEFAULT DEF_CHAR_1
	AS ' '"
5.20912,CAMISETA MALHA JACARECA,INV26,,5CAMISA,MANGA CURTA,MALHA ESTAMPADA,"***** Object:  Default dbo.DEF_CHAR_1    Script Date: 5/4/2000 18:55:55 ******/
CREATE DEFAULT DEF_CHAR_1
	AS ' '"
5.21045,CAMISETA SILK RAW,INV26,,5CAMISA,MANGA CURTA,MALHA LISA,"***** Object:  Default dbo.DEF_CHAR_1    Script Date: 5/4/2000 18:55:55 ******/
CREATE DEFAULT DEF_CHAR_1
	AS ' '"
5.20934,BIQUINI FILHOTES,INV26,,5BIQUINI,BIQUINI,LYCRA,"***** Object:  Default dbo.DEF_CHAR_1    Script Date: 5/4/2000 18:55:55 ******/
CREATE DEFAULT DEF_CHAR_1
	AS ' '"
5.20592,JAQUETA CORTA VENTO GOLFINHO PB,INV26,,5CASACO,CORTA-VENTO,TECIDO PLANO ESTAMPADO,"***** Object:  Default dbo.DEF_CHAR_1    Script Date: 5/4/2000 18:55:55 ******/
CREATE DEFAULT DEF_CHAR_1
	AS ' '"
5.20778,MACAQUINHO MALHA AR LIVRE,INV26,,5MACACÃO,CURTO MC,MALHA ESTAMPADA,"***** Object:  Default dbo.DEF_CHAR_1    Script Date: 5/4/2000 18:55:55 ******/
CREATE DEFAULT DEF_CHAR_1
	AS ' '"
5.21123,TOP RIB LISO,INV26,,5BLUSA,TOP,MALHA LISA,"***** Object:  Default dbo.DEF_CHAR_1    Script Date: 5/4/2000 18:55:55 ******/
CREATE DEFAULT DEF_CHAR_1
	AS ' '"
5.20749,SHORT AQUARELA DO RIO,INV26,,5SHORT,SHORT CURTO,TECIDO PLANO ESTAMPADO,"***** Object:  Default dbo.DEF_CHAR_1    Script Date: 5/4/2000 18:55:55 ******/
CREATE DEFAULT DEF_CHAR_1
	AS ' '"
5.21214,SHORT MALHA FILHOTES,INV26,,5SHORT,SHORT CURTO,MALHA ESTAMPADA,"***** Object:  Default dbo.DEF_CHAR_1    Script Date: 5/4/2000 18:55:55 ******/
CREATE DEFAULT DEF_CHAR_1
	AS ' '"
5.21424,CALCA BORDADA OFF,INV26,,5CALÇA,MIDI,TECIDO PLANO LISO,"***** Object:  Default dbo.DEF_CHAR_1    Script Date: 5/4/2000 18:55:55 ******/
CREATE DEFAULT DEF_CHAR_1
	AS ' '"
5.21061,VESTIDO RIB FLORES DO JARDIM,INV26,,5VESTIDOS,CURTO SEM MG,TECIDO PLANO ESTAMPADO,"***** Object:  Default dbo.DEF_CHAR_1    Script Date: 5/4/2000 18:55:55 ******/
CREATE DEFAULT DEF_CHAR_1
	AS ' '"
5.21427,BLUSA BORDADO BABADOS OFF,INV26,,5BLUSA,MANGA CURTA,TECIDO PLANO LISO,"***** Object:  Default dbo.DEF_CHAR_1    Script Date: 5/4/2000 18:55:55 ******/
CREATE DEFAULT DEF_CHAR_1
	AS ' '"
5.20616,CASACO TAPETE DE FLOR OFF,INV26,,5CASACO,ABERTO COM CAPUZ,TECIDO PLANO ESTAMPADO,"***** Object:  Default dbo.DEF_CHAR_1    Script Date: 5/4/2000 18:55:55 ******/
CREATE DEFAULT DEF_CHAR_1
	AS ' '"
5.21047,CAMISETA SILK ILHA,INV26,,5CAMISA,MANGA CURTA,MALHA LISA,"***** Object:  Default dbo.DEF_CHAR_1    Script Date: 5/4/2000 18:55:55 ******/
CREATE DEFAULT DEF_CHAR_1
	AS ' '"
5.20968,SHORT NINO ALBUM SELVAGEM,INV26,,5SHORT,SHORT CURTO,TECIDO PLANO ESTAMPADO,"***** Object:  Default dbo.DEF_CHAR_1    Script Date: 5/4/2000 18:55:55 ******/
CREATE DEFAULT DEF_CHAR_1
	AS ' '"
5.20947,SUNGA PREDADOR MINI,INV26,,5SUNGA,SHORTINHO,PRAIA,"***** Object:  Default dbo.DEF_CHAR_1    Script Date: 5/4/2000 18:55:55 ******/
CREATE DEFAULT DEF_CHAR_1
	AS ' '"
5.20906,CAMISETA MALHA ALBUM SELVAGEM,INV26,,5CAMISA,MANGA CURTA,MALHA ESTAMPADA,"***** Object:  Default dbo.DEF_CHAR_1    Script Date: 5/4/2000 18:55:55 ******/
CREATE DEFAULT DEF_CHAR_1
	AS ' '"
5.21191,SHORT LISTRA ZEBRADA,INV26,,5SHORT,SHORT CURTO,TECIDO PLANO LISO,"***** Object:  Default dbo.DEF_CHAR_1    Script Date: 5/4/2000 18:55:55 ******/
CREATE DEFAULT DEF_CHAR_1
	AS ' '"
5.21048,CAMISETA SILK MEU RIO,INV26,,5CAMISA,MANGA CURTA,MALHA LISA,"***** Object:  Default dbo.DEF_CHAR_1    Script Date: 5/4/2000 18:55:55 ******/
CREATE DEFAULT DEF_CHAR_1
	AS ' '"
5.20563,MACACAO BEBE JARDIM DE INVERNO,INV26,,5MACACÃO,CURTO MC,TECIDO PLANO ESTAMPADO,"***** Object:  Default dbo.DEF_CHAR_1    Script Date: 5/4/2000 18:55:55 ******/
CREATE DEFAULT DEF_CHAR_1
	AS ' '"
5.21026,BLUSA SILK DOGUINHO,INV26,,5BLUSA,SEM MG,MALHA LISA,"***** Object:  Default dbo.DEF_CHAR_1    Script Date: 5/4/2000 18:55:55 ******/
CREATE DEFAULT DEF_CHAR_1
	AS ' '"
5.20583,VESTIDO BEBE MALHA FLORIA,INV26,,5VESTIDOS,CURTO MC,MALHA ESTAMPADA,"***** Object:  Default dbo.DEF_CHAR_1    Script Date: 5/4/2000 18:55:55 ******/
CREATE DEFAULT DEF_CHAR_1
	AS ' '"
5.20609,CALCA BEBE MOLETOM FILHOTES,INV26,,5CALÇA,MOLETOM,MOLETOM ESTAMPADO,"***** Object:  Default dbo.DEF_CHAR_1    Script Date: 5/4/2000 18:55:55 ******/
CREATE DEFAULT DEF_CHAR_1
	AS ' '"
5.21052,CAMISETA SILK DOGUINHO RADICAL,INV26,,5CAMISA,MANGA CURTA,MALHA LISA,"***** Object:  Default dbo.DEF_CHAR_1    Script Date: 5/4/2000 18:55:55 ******/
CREATE DEFAULT DEF_CHAR_1
	AS ' '"
5.20643,CALCA MOLETOM ONCITA PRETO,INV26,,5CALÇA,MOLETOM,MOLETOM ESTAMPADO,"***** Object:  Default dbo.DEF_CHAR_1    Script Date: 5/4/2000 18:55:55 ******/
CREATE DEFAULT DEF_CHAR_1
	AS ' '"
5.20655,VESTIDO FESTEJO BORDADO TUCANO,INV26,,5VESTIDOS,MIDI MC,TECIDO PLANO LISO,"***** Object:  Default dbo.DEF_CHAR_1    Script Date: 5/4/2000 18:55:55 ******/
CREATE DEFAULT DEF_CHAR_1
	AS ' '"
5.20965,BERMUDA MOLETOM PREDADOR,INV26,,5SHORT,BERMUDA MOLETOM,MOLETOM ESTAMPADO,"***** Object:  Default dbo.DEF_CHAR_1    Script Date: 5/4/2000 18:55:55 ******/
CREATE DEFAULT DEF_CHAR_1
	AS ' '"
5.20555,VESTIDO BEBE TAPETE DE FLOR MINI,INV26,,5VESTIDOS,CURTO MC,TECIDO PLANO ESTAMPADO,"***** Object:  Default dbo.DEF_CHAR_1    Script Date: 5/4/2000 18:55:55 ******/
CREATE DEFAULT DEF_CHAR_1
	AS ' '"
5.20887,TOP JARDIM DE INVERNO,INV26,,5BLUSA,TOP,TECIDO PLANO ESTAMPADO,"***** Object:  Default dbo.DEF_CHAR_1    Script Date: 5/4/2000 18:55:55 ******/
CREATE DEFAULT DEF_CHAR_1
	AS ' '"
5.21021,CAMISETA SILK RIO,INV26,,5BLUSA,MANGA CURTA,MALHA LISA,"***** Object:  Default dbo.DEF_CHAR_1    Script Date: 5/4/2000 18:55:55 ******/
CREATE DEFAULT DEF_CHAR_1
	AS ' '"
5.20907,CAMISETA MALHA AMIGOS DA FLORESTA,INV26,,5CAMISA,MANGA CURTA,MALHA ESTAMPADA,"***** Object:  Default dbo.DEF_CHAR_1    Script Date: 5/4/2000 18:55:55 ******/
CREATE DEFAULT DEF_CHAR_1
	AS ' '"
5.20556,VESTIDO BEBE HOLOGRAFICO ZOO,INV26,,5VESTIDOS,CURTO MC,TECIDO PLANO ESTAMPADO,"***** Object:  Default dbo.DEF_CHAR_1    Script Date: 5/4/2000 18:55:55 ******/
CREATE DEFAULT DEF_CHAR_1
	AS ' '"
5.20702,VESTIDO NOITE DA FLORESTA,INV26,,5VESTIDOS,CURTO MC,TECIDO PLANO ESTAMPADO,"***** Object:  Default dbo.DEF_CHAR_1    Script Date: 5/4/2000 18:55:55 ******/
CREATE DEFAULT DEF_CHAR_1
	AS ' '"
5.21175,SHORT SAIA LISTRA AMOR,INV26,,5SAIA,CURTA,TECIDO PLANO LISO,"***** Object:  Default dbo.DEF_CHAR_1    Script Date: 5/4/2000 18:55:55 ******/
CREATE DEFAULT DEF_CHAR_1
	AS ' '"
5.20641,CASACO MOLETOM ONCITA PRETO,INV26,,5CASACO,MOLETOM,MOLETOM ESTAMPADO,"***** Object:  Default dbo.DEF_CHAR_1    Script Date: 5/4/2000 18:55:55 ******/
CREATE DEFAULT DEF_CHAR_1
	AS ' '"
5.21194,SHORT TUCANO EM FOLHA,INV26,,5SHORT,SHORT CURTO,TECIDO PLANO ESTAMPADO,"***** Object:  Default dbo.DEF_CHAR_1    Script Date: 5/4/2000 18:55:55 ******/
CREATE DEFAULT DEF_CHAR_1
	AS ' '"
5.20689,VESTIDO LENCO DO TUCANO,INV26,,5VESTIDOS,CURTO MC,TECIDO PLANO ESTAMPADO,"***** Object:  Default dbo.DEF_CHAR_1    Script Date: 5/4/2000 18:55:55 ******/
CREATE DEFAULT DEF_CHAR_1
	AS ' '"
5.21215,BERMUDA CICLISTA FILHOTES,INV26,,5SHORT,BERMUDA CICLISTA,MALHA ESTAMPADA,"***** Object:  Default dbo.DEF_CHAR_1    Script Date: 5/4/2000 18:55:55 ******/
CREATE DEFAULT DEF_CHAR_1
	AS ' '"
5.20877,BLUSA CORES DO TUCANO,INV26,,5BLUSA,MANGA CURTA,TECIDO PLANO ESTAMPADO,"***** Object:  Default dbo.DEF_CHAR_1    Script Date: 5/4/2000 18:55:55 ******/
CREATE DEFAULT DEF_CHAR_1
	AS ' '"
5.21028,BLUSA RIB AUAU,INV26,,5BLUSA,MANGA CURTA,MALHA LISA,"***** Object:  Default dbo.DEF_CHAR_1    Script Date: 5/4/2000 18:55:55 ******/
CREATE DEFAULT DEF_CHAR_1
	AS ' '"
5.21169,VESTIDO SILK CORES DO TUCANO,INV26,,5VESTIDOS,CURTO MC,MALHA LISA,"***** Object:  Default dbo.DEF_CHAR_1    Script Date: 5/4/2000 18:55:55 ******/
CREATE DEFAULT DEF_CHAR_1
	AS ' '"
5.20703,MACAQUINHO MIQUINHO,INV26,,5MACACÃO,CURTO ALCINHA,TECIDO PLANO ESTAMPADO,"***** Object:  Default dbo.DEF_CHAR_1    Script Date: 5/4/2000 18:55:55 ******/
CREATE DEFAULT DEF_CHAR_1
	AS ' '"
5.21143,SHORT LISTRA RAINBOW,INV26,,5SHORT,SHORT CURTO,TECIDO PLANO ESTAMPADO,"***** Object:  Default dbo.DEF_CHAR_1    Script Date: 5/4/2000 18:55:55 ******/
CREATE DEFAULT DEF_CHAR_1
	AS ' '"
5.21054,CAMISETA SILK TUCANO BOLA,INV26,,5CAMISA,MANGA CURTA,MALHA LISA,"***** Object:  Default dbo.DEF_CHAR_1    Script Date: 5/4/2000 18:55:55 ******/
CREATE DEFAULT DEF_CHAR_1
	AS ' '"
5.21019,BLUSA SILK RIO EU TE AMO,INV26,,5BLUSA,MANGA CURTA,MALHA LISA,"***** Object:  Default dbo.DEF_CHAR_1    Script Date: 5/4/2000 18:55:55 ******/
CREATE DEFAULT DEF_CHAR_1
	AS ' '"
5.20739,CAMISA AQUARELA DO RIO,INV26,,5CAMISA,MANGA CURTA,TECIDO PLANO ESTAMPADO,"***** Object:  Default dbo.DEF_CHAR_1    Script Date: 5/4/2000 18:55:55 ******/
CREATE DEFAULT DEF_CHAR_1
	AS ' '"
5.20884,BLUSA POODLE,INV26,,5BLUSA,SEM MG,TECIDO PLANO ESTAMPADO,"***** Object:  Default dbo.DEF_CHAR_1    Script Date: 5/4/2000 18:55:55 ******/
CREATE DEFAULT DEF_CHAR_1
	AS ' '"
5.20742,CAMISA FLORESTA DA TIJUCA,INV26,,5CAMISA,MANGA CURTA,TECIDO PLANO ESTAMPADO,"***** Object:  Default dbo.DEF_CHAR_1    Script Date: 5/4/2000 18:55:55 ******/
CREATE DEFAULT DEF_CHAR_1
	AS ' '"
5.20755,BERMUDA ILHA,INV26,,5SHORT,BERMUDA,TECIDO PLANO ESTAMPADO,"***** Object:  Default dbo.DEF_CHAR_1    Script Date: 5/4/2000 18:55:55 ******/
CREATE DEFAULT DEF_CHAR_1
	AS ' '"
5.21762,BLUSA RIB TUCANO,INV26,,5BLUSA,BLUSA ALCINHA,TECIDO PLANO ESTAMPADO,"***** Object:  Default dbo.DEF_CHAR_1    Script Date: 5/4/2000 18:55:55 ******/
CREATE DEFAULT DEF_CHAR_1
	AS ' '"
5.21766,CALCA MOLETOM BORDADO DOGUINHO,INV26,,5CALÇA,MOLETOM,MOLETOM LISO,"***** Object:  Default dbo.DEF_CHAR_1    Script Date: 5/4/2000 18:55:55 ******/
CREATE DEFAULT DEF_CHAR_1
	AS ' '"
5.20924,CAMISETA MALHA PREDADOR,INV26,,5CAMISA,MANGA CURTA,MALHA ESTAMPADA,"***** Object:  Default dbo.DEF_CHAR_1    Script Date: 5/4/2000 18:55:55 ******/
CREATE DEFAULT DEF_CHAR_1
	AS ' '"
5.20826,BLUSA MALHA PASSEIO,INV26,,5BLUSA,MANGA CURTA,MALHA ESTAMPADA,"***** Object:  Default dbo.DEF_CHAR_1    Script Date: 5/4/2000 18:55:55 ******/
CREATE DEFAULT DEF_CHAR_1
	AS ' '"
5.20553,VESTIDO BEBE FLORES DO JARDIM,INV26,,5VESTIDOS,CURTO MC,ESI,"***** Object:  Default dbo.DEF_CHAR_1    Script Date: 5/4/2000 18:55:55 ******/
CREATE DEFAULT DEF_CHAR_1
	AS ' '"
5.20692,VESTIDO TAPETE DE FLOR OFF,INV26,,5VESTIDOS,CURTO MC,TECIDO PLANO ESTAMPADO,"***** Object:  Default dbo.DEF_CHAR_1    Script Date: 5/4/2000 18:55:55 ******/
CREATE DEFAULT DEF_CHAR_1
	AS ' '"
5.20931,CAMISETA UV PREDADOR MINI,INV26,,5BLUSA UV,ML,MALHA ESTAMPADA,"***** Object:  Default dbo.DEF_CHAR_1    Script Date: 5/4/2000 18:55:55 ******/
CREATE DEFAULT DEF_CHAR_1
	AS ' '"
5.20971,SHORT RIOGRAFIA,INV26,,5SHORT,SHORT CURTO,TECIDO PLANO ESTAMPADO,"***** Object:  Default dbo.DEF_CHAR_1    Script Date: 5/4/2000 18:55:55 ******/
CREATE DEFAULT DEF_CHAR_1
	AS ' '"
5.21211,BIQUINI ML FLORIA,INV26,,5BIQUINI,BIQUINI,PRAIA,"***** Object:  Default dbo.DEF_CHAR_1    Script Date: 5/4/2000 18:55:55 ******/
CREATE DEFAULT DEF_CHAR_1
	AS ' '"
5.20693,VESTIDO RIOGRAFIA,INV26,,5VESTIDOS,CURTO MC,TECIDO PLANO ESTAMPADO,"***** Object:  Default dbo.DEF_CHAR_1    Script Date: 5/4/2000 18:55:55 ******/
CREATE DEFAULT DEF_CHAR_1
	AS ' '"
5.20745,CAMISA PREDADOR MINI,INV26,,5CAMISA,MANGA CURTA,TECIDO PLANO ESTAMPADO,"***** Object:  Default dbo.DEF_CHAR_1    Script Date: 5/4/2000 18:55:55 ******/
CREATE DEFAULT DEF_CHAR_1
	AS ' '"
5.20642,MOLETOM CROPPED GOLFINHO,INV26,,5CASACO,MOLETOM,MOLETOM ESTAMPADO,"***** Object:  Default dbo.DEF_CHAR_1    Script Date: 5/4/2000 18:55:55 ******/
CREATE DEFAULT DEF_CHAR_1
	AS ' '"
5.21221,MOLETOM CROPPED POA FLOR,INV26,,5CASACO,MOLETOM,MOLETOM ESTAMPADO,"***** Object:  Default dbo.DEF_CHAR_1    Script Date: 5/4/2000 18:55:55 ******/
CREATE DEFAULT DEF_CHAR_1
	AS ' '"
5.21163,TOP TUCANO EM FOLHA,INV26,,5BLUSA,TOP,TECIDO PLANO ESTAMPADO,"***** Object:  Default dbo.DEF_CHAR_1    Script Date: 5/4/2000 18:55:55 ******/
CREATE DEFAULT DEF_CHAR_1
	AS ' '"
5.21179,SHORT LASTEX ROSA,INV26,,5SHORT,SHORT CURTO,TECIDO PLANO LISO,"***** Object:  Default dbo.DEF_CHAR_1    Script Date: 5/4/2000 18:55:55 ******/
CREATE DEFAULT DEF_CHAR_1
	AS ' '"
5.20596,CALCA DE NYLON GOLFINHO,INV26,,5CALÇA,LONGA,TECIDO PLANO ESTAMPADO,"***** Object:  Default dbo.DEF_CHAR_1    Script Date: 5/4/2000 18:55:55 ******/
CREATE DEFAULT DEF_CHAR_1
	AS ' '"
5.21178,SAIA ZEBRADA,INV26,,5SAIA,CURTA,TECIDO PLANO LISO,"***** Object:  Default dbo.DEF_CHAR_1    Script Date: 5/4/2000 18:55:55 ******/
CREATE DEFAULT DEF_CHAR_1
	AS ' '"
5.20787,MACAQUINHO MALHA JAGUATIRICA,INV26,,5MACACÃO,CURTO MC,MALHA ESTAMPADA,"***** Object:  Default dbo.DEF_CHAR_1    Script Date: 5/4/2000 18:55:55 ******/
CREATE DEFAULT DEF_CHAR_1
	AS ' '"
5.21425,SHORT LASTEX OFF,INV26,,5SHORT,SHORT CURTO,TECIDO PLANO LISO,"***** Object:  Default dbo.DEF_CHAR_1    Script Date: 5/4/2000 18:55:55 ******/
CREATE DEFAULT DEF_CHAR_1
	AS ' '"
5.20754,SHORT PREDADOR MINI,INV26,,5SHORT,SHORT CURTO,TECIDO PLANO ESTAMPADO,"***** Object:  Default dbo.DEF_CHAR_1    Script Date: 5/4/2000 18:55:55 ******/
CREATE DEFAULT DEF_CHAR_1
	AS ' '"
5.20879,TOP TAPETE DE FLOR OFF,INV26,,5BLUSA,MANGA CURTA,TECIDO PLANO ESTAMPADO,"***** Object:  Default dbo.DEF_CHAR_1    Script Date: 5/4/2000 18:55:55 ******/
CREATE DEFAULT DEF_CHAR_1
	AS ' '"
5.20911,CAMISETA MALHA ILHA PERIGOSA,INV26,,5CAMISA,MANGA CURTA,MALHA ESTAMPADA,"***** Object:  Default dbo.DEF_CHAR_1    Script Date: 5/4/2000 18:55:55 ******/
CREATE DEFAULT DEF_CHAR_1
	AS ' '"
5.21078,RIB CURTA LISA,INV26,,5BLUSA,TOP,MALHA LISA,"***** Object:  Default dbo.DEF_CHAR_1    Script Date: 5/4/2000 18:55:55 ******/
CREATE DEFAULT DEF_CHAR_1
	AS ' '"
5.20959,BERMUDA MOLETOM VAMOS PASSEAR,INV26,,5SHORT,BERMUDA MOLETOM,MOLETOM ESTAMPADO,"***** Object:  Default dbo.DEF_CHAR_1    Script Date: 5/4/2000 18:55:55 ******/
CREATE DEFAULT DEF_CHAR_1
	AS ' '"
5.21229,MOLETOM CAPUZ SILK SIGA O SOL,INV26,,5CASACO,FECHADO COM CAPUZ,MOLETOM LISO,"***** Object:  Default dbo.DEF_CHAR_1    Script Date: 5/4/2000 18:55:55 ******/
CREATE DEFAULT DEF_CHAR_1
	AS ' '"
5.21238,VESTIDO MALHA SILK SIGA O SOL,INV26,,5VESTIDOS,CURTO MC,MALHA LISA,"***** Object:  Default dbo.DEF_CHAR_1    Script Date: 5/4/2000 18:55:55 ******/
CREATE DEFAULT DEF_CHAR_1
	AS ' '"
5.21765,REGATA RIB BORBOLETA,INV26,,5BLUSA,BLUSA ALCINHA,MALHA LISA,"***** Object:  Default dbo.DEF_CHAR_1    Script Date: 5/4/2000 18:55:55 ******/
CREATE DEFAULT DEF_CHAR_1
	AS ' '"
5.20785,VESTIDO ML MALHA FUTURO COSMICO,INV26,,5VESTIDOS,CURTO ML,MALHA ESTAMPADA,"***** Object:  Default dbo.DEF_CHAR_1    Script Date: 5/4/2000 18:55:55 ******/
CREATE DEFAULT DEF_CHAR_1
	AS ' '"
5.20686,VESTIDO MARGARIDA,INV26,,5VESTIDOS,CURTO MC,TECIDO PLANO ESTAMPADO,"***** Object:  Default dbo.DEF_CHAR_1    Script Date: 5/4/2000 18:55:55 ******/
CREATE DEFAULT DEF_CHAR_1
	AS ' '"
5.21426,SHORT LASTEX PRETO,INV26,,5SHORT,SHORT CURTO,TECIDO PLANO LISO,"***** Object:  Default dbo.DEF_CHAR_1    Script Date: 5/4/2000 18:55:55 ******/
CREATE DEFAULT DEF_CHAR_1
	AS ' '"
5.21231,TOP RIB BORDADO,INV26,,5BLUSA,TOP,MALHA LISA,"***** Object:  Default dbo.DEF_CHAR_1    Script Date: 5/4/2000 18:55:55 ******/
CREATE DEFAULT DEF_CHAR_1
	AS ' '"
5.21287,JAQUETA SARJA BORDADA,INV26,,5CASACO,JAQUETA,SARJA,"***** Object:  Default dbo.DEF_CHAR_1    Script Date: 5/4/2000 18:55:55 ******/
CREATE DEFAULT DEF_CHAR_1
	AS ' '"
5.20769,LEGGING ONCINHA VERDE,INV26,,5CALÇA,LEGGING,MALHA ESTAMPADA,"***** Object:  Default dbo.DEF_CHAR_1    Script Date: 5/4/2000 18:55:55 ******/
CREATE DEFAULT DEF_CHAR_1
	AS ' '"
5.20825,BLUSA MALHA ONCINHA VERDE,INV26,,5BLUSA,MANGA CURTA,MALHA ESTAMPADA,"***** Object:  Default dbo.DEF_CHAR_1    Script Date: 5/4/2000 18:55:55 ******/
CREATE DEFAULT DEF_CHAR_1
	AS ' '"
5.20805,CALCA COLORIDO XADREZ E,INV26,,5CALÇA,LONGA,TECIDO PLANO ESTAMPADO,"***** Object:  Default dbo.DEF_CHAR_1    Script Date: 5/4/2000 18:55:55 ******/
CREATE DEFAULT DEF_CHAR_1
	AS ' '"
5.21668,VESTIDO ALCINHA LASTEX,INV26,,5VESTIDOS,CURTO ML,TECIDO PLANO LISO,"***** Object:  Default dbo.DEF_CHAR_1    Script Date: 5/4/2000 18:55:55 ******/
CREATE DEFAULT DEF_CHAR_1
	AS ' '"
5.20819,BLUSA MALHA FUTURO COSMICO,INV26,,5BLUSA,MANGA CURTA,MALHA ESTAMPADA,"***** Object:  Default dbo.DEF_CHAR_1    Script Date: 5/4/2000 18:55:55 ******/
CREATE DEFAULT DEF_CHAR_1
	AS ' '"
5.20967,SHORT NINO CORES,INV26,,BERMUDA,CURTA,TECIDO PLANO LISO,"***** Object:  Default dbo.DEF_CHAR_1    Script Date: 5/4/2000 18:55:55 ******/
CREATE DEFAULT DEF_CHAR_1
	AS ' '"
5.21212,MAIO FLORIA,INV26,,5MAIÔ,MANGA CURTA,PRAIA,"***** Object:  Default dbo.DEF_CHAR_1    Script Date: 5/4/2000 18:55:55 ******/
CREATE DEFAULT DEF_CHAR_1
	AS ' '"
5.21222,SHORT MOLETOM SOL DE VERAO,INV26,,5SHORT,BERMUDA MOLETOM,MOLETOM ESTAMPADO,"***** Object:  Default dbo.DEF_CHAR_1    Script Date: 5/4/2000 18:55:55 ******/
CREATE DEFAULT DEF_CHAR_1
	AS ' '"
5.20882,BLUSA SOMBRINHA,INV26,,5BLUSA,MANGA CURTA,TECIDO PLANO ESTAMPADO,"***** Object:  Default dbo.DEF_CHAR_1    Script Date: 5/4/2000 18:55:55 ******/
CREATE DEFAULT DEF_CHAR_1
	AS ' '"
5.21237,VESTIDO RIBANA BORDADO,INV26,,5VESTIDOS,CURTO SEM MG,MALHA LISA,"***** Object:  Default dbo.DEF_CHAR_1    Script Date: 5/4/2000 18:55:55 ******/
CREATE DEFAULT DEF_CHAR_1
	AS ' '"
5.20969,SHORT NINO LISTRAS,INV26,,BERMUDA,CURTA,TECIDO PLANO LISO,"***** Object:  Default dbo.DEF_CHAR_1    Script Date: 5/4/2000 18:55:55 ******/
CREATE DEFAULT DEF_CHAR_1
	AS ' '"
5.21244,REGATA RIB JARDIM FLOR,INV26,,5BLUSA,SEM MG,MALHA LISA,"***** Object:  Default dbo.DEF_CHAR_1    Script Date: 5/4/2000 18:55:55 ******/
CREATE DEFAULT DEF_CHAR_1
	AS ' '"
5.20976,SHORT POODLE,INV26,,5SHORT,SHORT CURTO,TECIDO PLANO ESTAMPADO,"***** Object:  Default dbo.DEF_CHAR_1    Script Date: 5/4/2000 18:55:55 ******/
CREATE DEFAULT DEF_CHAR_1
	AS ' '"
5.20676,VESTIDO TUCANO EM FOLHA,INV26,,5VESTIDOS,CURTO MC,TECIDO PLANO ESTAMPADO,"***** Object:  Default dbo.DEF_CHAR_1    Script Date: 5/4/2000 18:55:55 ******/
CREATE DEFAULT DEF_CHAR_1
	AS ' '"
5.20695,VESTIDO ZOO,INV26,,5VESTIDOS,CURTO MC,TECIDO PLANO ESTAMPADO,"***** Object:  Default dbo.DEF_CHAR_1    Script Date: 5/4/2000 18:55:55 ******/
CREATE DEFAULT DEF_CHAR_1
	AS ' '"
5.21251,BOLSA SIGA O SOL,INV26,,5ACESSÓRIOS,BOLSA,ACESSORIO,"***** Object:  Default dbo.DEF_CHAR_1    Script Date: 5/4/2000 18:55:55 ******/
CREATE DEFAULT DEF_CHAR_1
	AS ' '"
5.21204,CASACO MOLETOM ALBUM,INV26,,5CASACO,MOLETOM,MOLETOM ESTAMPADO,"***** Object:  Default dbo.DEF_CHAR_1    Script Date: 5/4/2000 18:55:55 ******/
CREATE DEFAULT DEF_CHAR_1
	AS ' '"
5.20797,MACACAO MALHA RIO EU TE AMO,INV26,,5MACACÃO,ALCINHA,MALHA ESTAMPADA,"***** Object:  Default dbo.DEF_CHAR_1    Script Date: 5/4/2000 18:55:55 ******/
CREATE DEFAULT DEF_CHAR_1
	AS ' '"
5.20777,VESTIDO MALHA ALBUM,INV26,,5VESTIDOS,CURTO MC,MALHA ESTAMPADA,"***** Object:  Default dbo.DEF_CHAR_1    Script Date: 5/4/2000 18:55:55 ******/
CREATE DEFAULT DEF_CHAR_1
	AS ' '"
5.20886,TOP FLORES DO JARDIM,INV26,,5BLUSA,SEM MG,TECIDO PLANO ESTAMPADO,"***** Object:  Default dbo.DEF_CHAR_1    Script Date: 5/4/2000 18:55:55 ******/
CREATE DEFAULT DEF_CHAR_1
	AS ' '"
5.21225,VESTIDO RIBANA MARGARIDA,INV26,,5VESTIDOS,CURTO SEM MG,MALHA ESTAMPADA,"***** Object:  Default dbo.DEF_CHAR_1    Script Date: 5/4/2000 18:55:55 ******/
CREATE DEFAULT DEF_CHAR_1
	AS ' '"
5.21177,SHORT LISTRA ZEBRADA,INV26,,5SHORT,SHORT CURTO,TECIDO PLANO LISO,"***** Object:  Default dbo.DEF_CHAR_1    Script Date: 5/4/2000 18:55:55 ******/
CREATE DEFAULT DEF_CHAR_1
	AS ' '"
5.21641,BLUSA MALHA ML FLORIA,INV26,,5BLUSA,MANGA CURTA,MALHA ESTAMPADA,"***** Object:  Default dbo.DEF_CHAR_1    Script Date: 5/4/2000 18:55:55 ******/
CREATE DEFAULT DEF_CHAR_1
	AS ' '"
5.20807,SHORT FLORAL BELEZA,INV26,,5SHORT,SHORT CURTO,TECIDO PLANO ESTAMPADO,"***** Object:  Default dbo.DEF_CHAR_1    Script Date: 5/4/2000 18:55:55 ******/
CREATE DEFAULT DEF_CHAR_1
	AS ' '"
5.20707,MACACAO ZEBRADA,INV26,,5MACACÃO,LONGO MC,TECIDO PLANO ESTAMPADO,"***** Object:  Default dbo.DEF_CHAR_1    Script Date: 5/4/2000 18:55:55 ******/
CREATE DEFAULT DEF_CHAR_1
	AS ' '"
5.21634,CAMISETA SILK OVERSIZED RIO TROPICAL,INV26,,5CAMISA,MANGA CURTA,MALHA ESTAMPADA,"***** Object:  Default dbo.DEF_CHAR_1    Script Date: 5/4/2000 18:55:55 ******/
CREATE DEFAULT DEF_CHAR_1
	AS ' '"
5.20558,JARDINEIRA BEBE AMIGOS DA FLORESTA,INV26,,5JARDINEIRA,CURTO,TECIDO PLANO ESTAMPADO,"***** Object:  Default dbo.DEF_CHAR_1    Script Date: 5/4/2000 18:55:55 ******/
CREATE DEFAULT DEF_CHAR_1
	AS ' '"
5.20706,VESTIDO JARDIM DE INVERNO,INV26,,5VESTIDOS,MIDI ALCINHA,TECIDO PLANO ESTAMPADO,"***** Object:  Default dbo.DEF_CHAR_1    Script Date: 5/4/2000 18:55:55 ******/
CREATE DEFAULT DEF_CHAR_1
	AS ' '"
5.20917,CAMISETA MALHA PRAIA VERMELHA,INV26,,5CAMISA,MANGA CURTA,MALHA ESTAMPADA,"***** Object:  Default dbo.DEF_CHAR_1    Script Date: 5/4/2000 18:55:55 ******/
CREATE DEFAULT DEF_CHAR_1
	AS ' '"
5.20973,CALCA CEU DE FRUTA,INV26,,5CALÇA,MIDI,TECIDO PLANO ESTAMPADO,"***** Object:  Default dbo.DEF_CHAR_1    Script Date: 5/4/2000 18:55:55 ******/
CREATE DEFAULT DEF_CHAR_1
	AS ' '"
5.21111,CALCA MOLETOM FRISO LATERAL,INV26,,5CALÇA,LONGA,MOLETOM LISO,"***** Object:  Default dbo.DEF_CHAR_1    Script Date: 5/4/2000 18:55:55 ******/
CREATE DEFAULT DEF_CHAR_1
	AS ' '"
5.21176,CALCA BORDADA ROSA,INV26,,5CALÇA,MIDI,TECIDO PLANO LISO,"***** Object:  Default dbo.DEF_CHAR_1    Script Date: 5/4/2000 18:55:55 ******/
CREATE DEFAULT DEF_CHAR_1
	AS ' '"
5.21633,CASACO MOLETOM SOL DE VERAO,INV26,,5CASACO,MOLETOM,MOLETOM ESTAMPADO,"***** Object:  Default dbo.DEF_CHAR_1    Script Date: 5/4/2000 18:55:55 ******/
CREATE DEFAULT DEF_CHAR_1
	AS ' '"
5.21124,CALCA MOLETOM TAPETE DE FLOR,INV26,,5CALÇA,MOLETOM,MALHA ESTAMPADA,"***** Object:  Default dbo.DEF_CHAR_1    Script Date: 5/4/2000 18:55:55 ******/
CREATE DEFAULT DEF_CHAR_1
	AS ' '"
5.20699,VESTIDO LISTRA RAINBOW,INV26,,5VESTIDOS,CURTO MC,TECIDO PLANO ESTAMPADO,"***** Object:  Default dbo.DEF_CHAR_1    Script Date: 5/4/2000 18:55:55 ******/
CREATE DEFAULT DEF_CHAR_1
	AS ' '"
5.21106,CALCA SARJA BORDADO,INV26,,5CALÇA,LONGA,SARJA,"***** Object:  Default dbo.DEF_CHAR_1    Script Date: 5/4/2000 18:55:55 ******/
CREATE DEFAULT DEF_CHAR_1
	AS ' '"
5.20792,VESTIDO MALHA ONCINHA,INV26,,5VESTIDOS,CURTO MC,MALHA ESTAMPADA,"***** Object:  Default dbo.DEF_CHAR_1    Script Date: 5/4/2000 18:55:55 ******/
CREATE DEFAULT DEF_CHAR_1
	AS ' '"
5.20927,CAMISETA MALHA VAMOS PASSEAR,INV26,,5CAMISA,MANGA CURTA,MALHA ESTAMPADA,"***** Object:  Default dbo.DEF_CHAR_1    Script Date: 5/4/2000 18:55:55 ******/
CREATE DEFAULT DEF_CHAR_1
	AS ' '"
5.20936,BIQUINI COSMICA,INV26,,5BIQUINI,BIQUINI,PRAIA,"***** Object:  Default dbo.DEF_CHAR_1    Script Date: 5/4/2000 18:55:55 ******/
CREATE DEFAULT DEF_CHAR_1
	AS ' '"
5.20979,SHORT JARDIM DE INVERNO,INV26,,5SHORT,SHORT CURTO,TECIDO PLANO ESTAMPADO,"***** Object:  Default dbo.DEF_CHAR_1    Script Date: 5/4/2000 18:55:55 ******/
CREATE DEFAULT DEF_CHAR_1
	AS ' '"
5.21644,SHORT MALHA FLORIA,INV26,,5SHORT,CURTO,MALHA ESTAMPADA,"***** Object:  Default dbo.DEF_CHAR_1    Script Date: 5/4/2000 18:55:55 ******/
CREATE DEFAULT DEF_CHAR_1
	AS ' '"
5.21025,BLUSA SILK VIRA LATA,INV26,,5BLUSA,SEM MG,MALHA LISA,"***** Object:  Default dbo.DEF_CHAR_1    Script Date: 5/4/2000 18:55:55 ******/
CREATE DEFAULT DEF_CHAR_1
	AS ' '"
5.20613,CORTA VENTO MIX ONCINHA,INV26,,5CASACO,CORTA-VENTO,TECIDO PLANO ESTAMPADO,"***** Object:  Default dbo.DEF_CHAR_1    Script Date: 5/4/2000 18:55:55 ******/
CREATE DEFAULT DEF_CHAR_1
	AS ' '"
5.20862,CAMISETA SILK DOGUINHOS,INV26,,5CAMISA,MANGA CURTA,MALHA LISA,"***** Object:  Default dbo.DEF_CHAR_1    Script Date: 5/4/2000 18:55:55 ******/
CREATE DEFAULT DEF_CHAR_1
	AS ' '"
5.20705,VESTIDO FLORES DO JARDIM,INV26,,5VESTIDOS,MIDI ALCINHA,TECIDO PLANO ESTAMPADO,"***** Object:  Default dbo.DEF_CHAR_1    Script Date: 5/4/2000 18:55:55 ******/
CREATE DEFAULT DEF_CHAR_1
	AS ' '"
5.21209,CASACO MOLETOM SILK LETTERING FABULA,INV26,,5CASACO,MOLETOM,MOLETOM LISO,"***** Object:  Default dbo.DEF_CHAR_1    Script Date: 5/4/2000 18:55:55 ******/
CREATE DEFAULT DEF_CHAR_1
	AS ' '"
5.20637,CORTA VENTO AMIGOS DA FLORESTA,INV26,,5CASACO,ABERTO COM CAPUZ,TECIDO PLANO ESTAMPADO,"***** Object:  Default dbo.DEF_CHAR_1    Script Date: 5/4/2000 18:55:55 ******/
CREATE DEFAULT DEF_CHAR_1
	AS ' '"
5.21206,CASACO MOLETOM BORDADO DOGUINHO,INV26,,5CASACO,MOLETOM,MOLETOM LISO,"***** Object:  Default dbo.DEF_CHAR_1    Script Date: 5/4/2000 18:55:55 ******/
CREATE DEFAULT DEF_CHAR_1
	AS ' '"
5.21182,BLUSA BORDADO BABADOS ROSA,INV26,,5BLUSA,BLUSA ALCINHA,TECIDO PLANO LISO,"***** Object:  Default dbo.DEF_CHAR_1    Script Date: 5/4/2000 18:55:55 ******/
CREATE DEFAULT DEF_CHAR_1
	AS ' '"
5.21242,MEIA CALCA FLORAL,INV26,,5MEIA CALÇA,MEIA CALÇA,ACESSORIO,"***** Object:  Default dbo.DEF_CHAR_1    Script Date: 5/4/2000 18:55:55 ******/
CREATE DEFAULT DEF_CHAR_1
	AS ' '"
5.20652,BIQUINI BORDADO GOLFINHO,INV26,,5BIQUINI,BIQUINI,PRAIA,"***** Object:  Default dbo.DEF_CHAR_1    Script Date: 5/4/2000 18:55:55 ******/
CREATE DEFAULT DEF_CHAR_1
	AS ' '"
5.21142,BLUSA SILK CAO DE BIKE,INV26,,5BLUSA,MANGA CURTA,MALHA LISA,"***** Object:  Default dbo.DEF_CHAR_1    Script Date: 5/4/2000 18:55:55 ******/
CREATE DEFAULT DEF_CHAR_1
	AS ' '"
5.20681,VESTIDO ESPLENDOR TROPICAL,INV26,,5VESTIDOS,CURTO MC,TECIDO PLANO ESTAMPADO,"***** Object:  Default dbo.DEF_CHAR_1    Script Date: 5/4/2000 18:55:55 ******/
CREATE DEFAULT DEF_CHAR_1
	AS ' '"
5.20668,BIQUINI MARGARIDA,INV26,,5BIQUINI,BIQUINI,PRAIA,"***** Object:  Default dbo.DEF_CHAR_1    Script Date: 5/4/2000 18:55:55 ******/
CREATE DEFAULT DEF_CHAR_1
	AS ' '"
5.20948,SUNGA ESPACO ATOMICO,INV26,,5SUNGA,SHORTINHO,LYCRA,"***** Object:  Default dbo.DEF_CHAR_1    Script Date: 5/4/2000 18:55:55 ******/
CREATE DEFAULT DEF_CHAR_1
	AS ' '"
5.20658,MACAQUINHO FLORAL BELEZA,INV26,,5MACACÃO,CURTO ALCINHA,TECIDO PLANO ESTAMPADO,"***** Object:  Default dbo.DEF_CHAR_1    Script Date: 5/4/2000 18:55:55 ******/
CREATE DEFAULT DEF_CHAR_1
	AS ' '"
5.20576,VESTIDO COM FAIXA BEBE MALHA ZOO COLOR,INV26,,5VESTIDOS,CURTO MC,MALHA ESTAMPADA,"***** Object:  Default dbo.DEF_CHAR_1    Script Date: 5/4/2000 18:55:55 ******/
CREATE DEFAULT DEF_CHAR_1
	AS ' '"
5.20951,BERMUDA MOLETOM AR LIVRE MINI,INV26,,5SHORT,BERMUDA MOLETOM,MOLETOM ESTAMPADO,"***** Object:  Default dbo.DEF_CHAR_1    Script Date: 5/4/2000 18:55:55 ******/
CREATE DEFAULT DEF_CHAR_1
	AS ' '"
5.21181,TOP LISTRA AMOR,INV26,,5BLUSA,TOP,TECIDO PLANO LISO,"***** Object:  Default dbo.DEF_CHAR_1    Script Date: 5/4/2000 18:55:55 ******/
CREATE DEFAULT DEF_CHAR_1
	AS ' '"
5.20998,BONE MIX ONCINHA,INV26,,5ACESSÓRIOS,CHAPEU,ACESSORIO,"***** Object:  Default dbo.DEF_CHAR_1    Script Date: 5/4/2000 18:55:55 ******/
CREATE DEFAULT DEF_CHAR_1
	AS ' '"
5.21286,COLETE SARJA GUAPA,INV26,,5COLETE,JEANS,SARJA,"***** Object:  Default dbo.DEF_CHAR_1    Script Date: 5/4/2000 18:55:55 ******/
CREATE DEFAULT DEF_CHAR_1
	AS ' '"
5.20682,VESTIDO ALCINHA FLORAL BELEZA,INV26,,5VESTIDOS,CURTO ALCINHA,TECIDO PLANO ESTAMPADO,"***** Object:  Default dbo.DEF_CHAR_1    Script Date: 5/4/2000 18:55:55 ******/
CREATE DEFAULT DEF_CHAR_1
	AS ' '"
5.20944,CAMISETA UV ESPACO ATOMICO,INV26,,5BLUSA UV,ML,PRAIA,"***** Object:  Default dbo.DEF_CHAR_1    Script Date: 5/4/2000 18:55:55 ******/
CREATE DEFAULT DEF_CHAR_1
	AS ' '"
5.20868,RIB BORDADO,INV26,,5BLUSA,SEM MG,MALHA LISA,"***** Object:  Default dbo.DEF_CHAR_1    Script Date: 5/4/2000 18:55:55 ******/
CREATE DEFAULT DEF_CHAR_1
	AS ' '"
5.21664,CONJUNTO UV BEBE FILHOTES,INV26,,5CONJUNTO UV,BIQUINI + CAMISETA ML,PRAIA,"***** Object:  Default dbo.DEF_CHAR_1    Script Date: 5/4/2000 18:55:55 ******/
CREATE DEFAULT DEF_CHAR_1
	AS ' '"
5.21168,VESTIDO SILK FIGURINHAS DO RIO,INV26,,5VESTIDOS,CURTO MC,MALHA LISA,"***** Object:  Default dbo.DEF_CHAR_1    Script Date: 5/4/2000 18:55:55 ******/
CREATE DEFAULT DEF_CHAR_1
	AS ' '"
5.20653,BIQUINI POA FLOR,INV26,,5BIQUINI,BIQUINI,PRAIA,"***** Object:  Default dbo.DEF_CHAR_1    Script Date: 5/4/2000 18:55:55 ******/
CREATE DEFAULT DEF_CHAR_1
	AS ' '"
5.21195,VESTIDO BELEZA BARRADO,INV26,,5VESTIDOS,CURTO ALCINHA,TECIDO PLANO ESTAMPADO,"***** Object:  Default dbo.DEF_CHAR_1    Script Date: 5/4/2000 18:55:55 ******/
CREATE DEFAULT DEF_CHAR_1
	AS ' '"
5.20999,BUCKET TUBARAO,INV26,,5ACESSÓRIOS,CHAPEU,ACESSORIO,"***** Object:  Default dbo.DEF_CHAR_1    Script Date: 5/4/2000 18:55:55 ******/
CREATE DEFAULT DEF_CHAR_1
	AS ' '"
5.21763,BLUSA RIB FLOR JARDIM,INV26,,5BLUSA,BLUSA ALCINHA,MALHA LISA,"***** Object:  Default dbo.DEF_CHAR_1    Script Date: 5/4/2000 18:55:55 ******/
CREATE DEFAULT DEF_CHAR_1
	AS ' '"
5.20828,BLUSA MALHA ZOO COLOR,INV26,,5BLUSA,MANGA CURTA,MALHA ESTAMPADA,"***** Object:  Default dbo.DEF_CHAR_1    Script Date: 5/4/2000 18:55:55 ******/
CREATE DEFAULT DEF_CHAR_1
	AS ' '"
5.20937,MAIO ML COSMICA,INV26,,5MAIÔ,MANGA CURTA,PRAIA,"***** Object:  Default dbo.DEF_CHAR_1    Script Date: 5/4/2000 18:55:55 ******/
CREATE DEFAULT DEF_CHAR_1
	AS ' '"
5.20964,CALCA MOLETOM PRAIA VERMELHA,INV26,,5CALÇA,MOLETOM,MOLETOM ESTAMPADO,"***** Object:  Default dbo.DEF_CHAR_1    Script Date: 5/4/2000 18:55:55 ******/
CREATE DEFAULT DEF_CHAR_1
	AS ' '"
5.21767,CASACO MOLETOM SILK CAORRIDA OFF,INV26,,5CASACO,MOLETOM,MOLETOM LISO,"***** Object:  Default dbo.DEF_CHAR_1    Script Date: 5/4/2000 18:55:55 ******/
CREATE DEFAULT DEF_CHAR_1
	AS ' '"
5.21056,CAMISETA SILK NHAC,INV26,,5CAMISA,MANGA CURTA,MALHA LISA,"***** Object:  Default dbo.DEF_CHAR_1    Script Date: 5/4/2000 18:55:55 ******/
CREATE DEFAULT DEF_CHAR_1
	AS ' '"
5.20788,VESTIDO MALHA JARDIM DE INVERNO,INV26,,5VESTIDOS,CURTO MC,MALHA ESTAMPADA,"***** Object:  Default dbo.DEF_CHAR_1    Script Date: 5/4/2000 18:55:55 ******/
CREATE DEFAULT DEF_CHAR_1
	AS ' '"
5.20866,CAMISETA SILK SIGA O SOL,INV26,,5CAMISA,MANGA CURTA,MALHA LISA,"***** Object:  Default dbo.DEF_CHAR_1    Script Date: 5/4/2000 18:55:55 ******/
CREATE DEFAULT DEF_CHAR_1
	AS ' '"
5.21031,BLUSA SILK FLORES DO JARDIM,INV26,,5BLUSA,SEM MG,MALHA LISA,"***** Object:  Default dbo.DEF_CHAR_1    Script Date: 5/4/2000 18:55:55 ******/
CREATE DEFAULT DEF_CHAR_1
	AS ' '"
5.21245,BLUSA MALHA FILHOTES,INV26,,5BLUSA,MANGA CURTA,MALHA ESTAMPADA,"***** Object:  Default dbo.DEF_CHAR_1    Script Date: 5/4/2000 18:55:55 ******/
CREATE DEFAULT DEF_CHAR_1
	AS ' '"
5.21226,BLUSA MOLETOM SOL DE VERAO,INV26,,5BLUSA,SEM MG,MALHA ESTAMPADA,"***** Object:  Default dbo.DEF_CHAR_1    Script Date: 5/4/2000 18:55:55 ******/
CREATE DEFAULT DEF_CHAR_1
	AS ' '"
5.20926,CAMISETA MALHA SILVESTRE,INV26,,5CAMISA,MANGA CURTA,MALHA ESTAMPADA,"***** Object:  Default dbo.DEF_CHAR_1    Script Date: 5/4/2000 18:55:55 ******/
CREATE DEFAULT DEF_CHAR_1
	AS ' '"
5.20958,BERMUDA MOLETOM SILVESTRE,INV26,,5SHORT,BERMUDA MOLETOM,MOLETOM ESTAMPADO,"***** Object:  Default dbo.DEF_CHAR_1    Script Date: 5/4/2000 18:55:55 ******/
CREATE DEFAULT DEF_CHAR_1
	AS ' '"
5.20854,MAIO MAR,INV26,,5MAIÔ,SEM MG,PRAIA,"***** Object:  Default dbo.DEF_CHAR_1    Script Date: 5/4/2000 18:55:55 ******/
CREATE DEFAULT DEF_CHAR_1
	AS ' '"
5.20649,BLUSA TULE GOLFINHO,INV26,,5BLUSA,MANGA CURTA,MALHA ESTAMPADA,"***** Object:  Default dbo.DEF_CHAR_1    Script Date: 5/4/2000 18:55:55 ******/
CREATE DEFAULT DEF_CHAR_1
	AS ' '"
5.21051,CAMISETA SILK CAORRIDA,INV26,,5CAMISA,MANGA CURTA,MALHA LISA,"***** Object:  Default dbo.DEF_CHAR_1    Script Date: 5/4/2000 18:55:55 ******/
CREATE DEFAULT DEF_CHAR_1
	AS ' '"
5.21236,SHORT SAIA JEANS TRANSPASSADO,INV26,,5SHORT,SHORT SAIA,SARJA,"***** Object:  Default dbo.DEF_CHAR_1    Script Date: 5/4/2000 18:55:55 ******/
CREATE DEFAULT DEF_CHAR_1
	AS ' '"
5.20793,VESTIDO MALHA PASSEIO,INV26,,5VESTIDOS,CURTO MC,MALHA ESTAMPADA,"***** Object:  Default dbo.DEF_CHAR_1    Script Date: 5/4/2000 18:55:55 ******/
CREATE DEFAULT DEF_CHAR_1
	AS ' '"
5.21199,VESTIDO ALCINHA LISTRA ZEBRADA,INV26,,5MACACÃO,CURTO ALCINHA,TECIDO PLANO LISO,"***** Object:  Default dbo.DEF_CHAR_1    Script Date: 5/4/2000 18:55:55 ******/
CREATE DEFAULT DEF_CHAR_1
	AS ' '"
5.21764,BLUSA RIB BORBOLETA,INV26,,5BLUSA,BLUSA ALCINHA,MALHA LISA,"***** Object:  Default dbo.DEF_CHAR_1    Script Date: 5/4/2000 18:55:55 ******/
CREATE DEFAULT DEF_CHAR_1
	AS ' '"
5.20562,VESTIDO BEBE CHAMEGO,INV26,,5MACACÃO,CURTO MC,TECIDO PLANO ESTAMPADO,"***** Object:  Default dbo.DEF_CHAR_1    Script Date: 5/4/2000 18:55:55 ******/
CREATE DEFAULT DEF_CHAR_1
	AS ' '"
5.20798,VESTIDO MALHA RIOGRAFIA,INV26,,5VESTIDOS,CURTO MC,MALHA ESTAMPADA,"***** Object:  Default dbo.DEF_CHAR_1    Script Date: 5/4/2000 18:55:55 ******/
CREATE DEFAULT DEF_CHAR_1
	AS ' '"
5.21027,BLUSA SILK POODLE,INV26,,5BLUSA,MANGA CURTA,MALHA LISA,"***** Object:  Default dbo.DEF_CHAR_1    Script Date: 5/4/2000 18:55:55 ******/
CREATE DEFAULT DEF_CHAR_1
	AS ' '"
5.21635,VESTIDO RIBANA POA FLOR,INV26,,5VESTIDOS,CURTO SEM MG,MALHA LISA,"***** Object:  Default dbo.DEF_CHAR_1    Script Date: 5/4/2000 18:55:55 ******/
CREATE DEFAULT DEF_CHAR_1
	AS ' '"
5.21055,CAMISETA SILK CARAMELO FC,INV26,,5CAMISA,MANGA CURTA,MALHA LISA,"***** Object:  Default dbo.DEF_CHAR_1    Script Date: 5/4/2000 18:55:55 ******/
CREATE DEFAULT DEF_CHAR_1
	AS ' '"
5.20586,VESTIDO BEBE MALHA JARDIM DE INVERNO,INV26,,5VESTIDOS,CURTO MC,MALHA ESTAMPADA,"***** Object:  Default dbo.DEF_CHAR_1    Script Date: 5/4/2000 18:55:55 ******/
CREATE DEFAULT DEF_CHAR_1
	AS ' '"
5.20919,CASACO MOLETOM SILVESTRE,INV26,,5CASACO,MOLETOM,MOLETOM ESTAMPADO,"***** Object:  Default dbo.DEF_CHAR_1    Script Date: 5/4/2000 18:55:55 ******/
CREATE DEFAULT DEF_CHAR_1
	AS ' '"
5.20829,SHORT SARJA COLOR,INV26,,5SHORT,SHORT CURTO,SARJA,"***** Object:  Default dbo.DEF_CHAR_1    Script Date: 5/4/2000 18:55:55 ******/
CREATE DEFAULT DEF_CHAR_1
	AS ' '"
5.20881,TOP CEU DE FRUTA,INV26,,5BLUSA,TOP,TECIDO PLANO ESTAMPADO,"***** Object:  Default dbo.DEF_CHAR_1    Script Date: 5/4/2000 18:55:55 ******/
CREATE DEFAULT DEF_CHAR_1
	AS ' '"
5.20953,BERMUDA MOLETOM ILHA PERIGOSA,INV26,,5SHORT,BERMUDA MOLETOM,MOLETOM ESTAMPADO,"***** Object:  Default dbo.DEF_CHAR_1    Script Date: 5/4/2000 18:55:55 ******/
CREATE DEFAULT DEF_CHAR_1
	AS ' '"
5.21192,TOP LISTRA ZEBRADA,INV26,,5BLUSA,TOP,TECIDO PLANO LISO,"***** Object:  Default dbo.DEF_CHAR_1    Script Date: 5/4/2000 18:55:55 ******/
CREATE DEFAULT DEF_CHAR_1
	AS ' '"
5.20978,CALCA FLORES DO JARDIM,INV26,,5CALÇA,MIDI,TECIDO PLANO ESTAMPADO,"***** Object:  Default dbo.DEF_CHAR_1    Script Date: 5/4/2000 18:55:55 ******/
CREATE DEFAULT DEF_CHAR_1
	AS ' '"
5.20614,PUFFER NOITE DO TUCANO,INV26,,5CASACO,ABERTO COM CAPUZ,TECIDO PLANO ESTAMPADO,"***** Object:  Default dbo.DEF_CHAR_1    Script Date: 5/4/2000 18:55:55 ******/
CREATE DEFAULT DEF_CHAR_1
	AS ' '"
5.21233,CAMISETA SILK VIRA LATA,INV26,,5BLUSA,MANGA CURTA,MALHA LISA,"***** Object:  Default dbo.DEF_CHAR_1    Script Date: 5/4/2000 18:55:55 ******/
CREATE DEFAULT DEF_CHAR_1
	AS ' '"
5.20578,VESTIDO BEBE MALHA PASSEIO,INV26,,5VESTIDOS,CURTO MC,EMI,"***** Object:  Default dbo.DEF_CHAR_1    Script Date: 5/4/2000 18:55:55 ******/
CREATE DEFAULT DEF_CHAR_1
	AS ' '"
5.21643,MACAQUINHO MALHA FLORIA,INV26,,5MACACÃO,CURTO SEM MG,MALHA ESTAMPADA,"***** Object:  Default dbo.DEF_CHAR_1    Script Date: 5/4/2000 18:55:55 ******/
CREATE DEFAULT DEF_CHAR_1
	AS ' '"
5.21239,VESTIDO MALHA SOL DE VERAO,INV26,,5VESTIDOS,CURTO MC,EMI,"***** Object:  Default dbo.DEF_CHAR_1    Script Date: 5/4/2000 18:55:55 ******/
CREATE DEFAULT DEF_CHAR_1
	AS ' '"
5.20763,LEGGING FLARE FUTURO COSMICO,INV26,,5CALÇA,LEGGING,MALHA ESTAMPADA,"***** Object:  Default dbo.DEF_CHAR_1    Script Date: 5/4/2000 18:55:55 ******/
CREATE DEFAULT DEF_CHAR_1
	AS ' '"
5.20878,BLUSA RIOGRAFIA,INV26,,5BLUSA,SEM MG,TECIDO PLANO ESTAMPADO,"***** Object:  Default dbo.DEF_CHAR_1    Script Date: 5/4/2000 18:55:55 ******/
CREATE DEFAULT DEF_CHAR_1
	AS ' '"
5.20815,TOP COLORIDO XADREZ E,INV26,,5BLUSA,TOP,TECIDO PLANO ESTAMPADO,"***** Object:  Default dbo.DEF_CHAR_1    Script Date: 5/4/2000 18:55:55 ******/
CREATE DEFAULT DEF_CHAR_1
	AS ' '"
5.21667,VESTIDO LISTRA AMOR,INV26,,5VESTIDOS,CURTO ML,TECIDO PLANO ESTAMPADO,"***** Object:  Default dbo.DEF_CHAR_1    Script Date: 5/4/2000 18:55:55 ******/
CREATE DEFAULT DEF_CHAR_1
	AS ' '"
5.21196,VESTIDO COLORIDO XADREZ,INV26,,5VESTIDOS,CURTO ALCINHA,TECIDO PLANO ESTAMPADO,"***** Object:  Default dbo.DEF_CHAR_1    Script Date: 5/4/2000 18:55:55 ******/
CREATE DEFAULT DEF_CHAR_1
	AS ' '"
5.21219,VESTIDO MALHA FLORIA,INV26,,5VESTIDOS,CURTO ALCINHA,MALHA ESTAMPADA,"***** Object:  Default dbo.DEF_CHAR_1    Script Date: 5/4/2000 18:55:55 ******/
CREATE DEFAULT DEF_CHAR_1
	AS ' '"
5.20771,SHORT MALHA PASSEIO,INV26,,5SHORT,SHORT CURTO,MALHA ESTAMPADA,"***** Object:  Default dbo.DEF_CHAR_1    Script Date: 5/4/2000 18:55:55 ******/
CREATE DEFAULT DEF_CHAR_1
	AS ' '"
5.20603,VESTIDO BORDADO FLORAL BELEZA ML,INV26,,5VESTIDOS,CURTO ML,TECIDO PLANO LISO,"***** Object:  Default dbo.DEF_CHAR_1    Script Date: 5/4/2000 18:55:55 ******/
CREATE DEFAULT DEF_CHAR_1
	AS ' '"
5.20918,CASACO MOLETOM PRAIA VERMELHA,INV26,,5CASACO,MOLETOM,MOLETOM ESTAMPADO,"***** Object:  Default dbo.DEF_CHAR_1    Script Date: 5/4/2000 18:55:55 ******/
CREATE DEFAULT DEF_CHAR_1
	AS ' '"
5.20758,CASACO MOLETOM TAPETE DE FLOR,INV26,,5CASACO,MOLETOM,MOLETOM ESTAMPADO,"***** Object:  Default dbo.DEF_CHAR_1    Script Date: 5/4/2000 18:55:55 ******/
CREATE DEFAULT DEF_CHAR_1
	AS ' '"
5.21139,LEGGING ALBUM,INV26,,5CALÇA,LEGGING,MALHA ESTAMPADA,"***** Object:  Default dbo.DEF_CHAR_1    Script Date: 5/4/2000 18:55:55 ******/
CREATE DEFAULT DEF_CHAR_1
	AS ' '"
5.21159,SHORT JEANS CORACAO DE BOLINHA,INV26,,5SHORT,SHORT CURTO,SARJA,"***** Object:  Default dbo.DEF_CHAR_1    Script Date: 5/4/2000 18:55:55 ******/
CREATE DEFAULT DEF_CHAR_1
	AS ' '"
5.20776,SHORT MALHA ZOO COLOR,INV26,,5SHORT,SHORT CURTO,MALHA ESTAMPADA,"***** Object:  Default dbo.DEF_CHAR_1    Script Date: 5/4/2000 18:55:55 ******/
CREATE DEFAULT DEF_CHAR_1
	AS ' '"
5.20701,VESTIDO SOMBRINHA,INV26,,5VESTIDOS,CURTO MC,TECIDO PLANO ESTAMPADO,"***** Object:  Default dbo.DEF_CHAR_1    Script Date: 5/4/2000 18:55:55 ******/
CREATE DEFAULT DEF_CHAR_1
	AS ' '"
5.20696,VESTIDO HOLOGRAFICO ZOO,INV26,,5VESTIDOS,CURTO MC,TECIDO PLANO ESTAMPADO,"***** Object:  Default dbo.DEF_CHAR_1    Script Date: 5/4/2000 18:55:55 ******/
CREATE DEFAULT DEF_CHAR_1
	AS ' '"
5.20694,VESTIDO NOITE DO TUCANO,INV26,,5VESTIDOS,CURTO MC,TECIDO PLANO ESTAMPADO,"***** Object:  Default dbo.DEF_CHAR_1    Script Date: 5/4/2000 18:55:55 ******/
CREATE DEFAULT DEF_CHAR_1
	AS ' '"
5.20704,VESTIDO JARDIM NOTURNO,INV26,,5VESTIDOS,MIDI ALCINHA,TECIDO PLANO ESTAMPADO,"***** Object:  Default dbo.DEF_CHAR_1    Script Date: 5/4/2000 18:55:55 ******/
CREATE DEFAULT DEF_CHAR_1
	AS ' '"
5.21666,CALCA TOM MOLETOM,INV26,,5CALÇA,MOLETOM,MALHA LISA,"***** Object:  Default dbo.DEF_CHAR_1    Script Date: 5/4/2000 18:55:55 ******/
CREATE DEFAULT DEF_CHAR_1
	AS ' '"
5.20954,BERMUDA MOLETOM JACARECA,INV26,,5SHORT,BERMUDA MOLETOM,MOLETOM ESTAMPADO,"***** Object:  Default dbo.DEF_CHAR_1    Script Date: 5/4/2000 18:55:55 ******/
CREATE DEFAULT DEF_CHAR_1
	AS ' '"
5.20651,BIQUINI LACINHO SOL DE VERAO MINI,INV26,,5BIQUINI,BIQUINI,PRAIA,"***** Object:  Default dbo.DEF_CHAR_1    Script Date: 5/4/2000 18:55:55 ******/
CREATE DEFAULT DEF_CHAR_1
	AS ' '"
5.21158,CALCA JEANS CORACAO DE BOLINHA,INV26,,5CALÇA,LONGA,SARJA,"***** Object:  Default dbo.DEF_CHAR_1    Script Date: 5/4/2000 18:55:55 ******/
CREATE DEFAULT DEF_CHAR_1
	AS ' '"
5.20831,JARDINEIRA SARJA GUAPA,INV26,,5JARDINEIRA,CURTO,SARJA,"***** Object:  Default dbo.DEF_CHAR_1    Script Date: 5/4/2000 18:55:55 ******/
CREATE DEFAULT DEF_CHAR_1
	AS ' '"
5.20606,CARDIGAN CROPPED PELINHO,INV26,,5CASACO,CARDIGAN,TRICOT,"***** Object:  Default dbo.DEF_CHAR_1    Script Date: 5/4/2000 18:55:55 ******/
CREATE DEFAULT DEF_CHAR_1
	AS ' '"
5.21207,CASACO MOLETOM SILK ABRACO,INV26,,5CASACO,MOLETOM,MOLETOM LISO,"***** Object:  Default dbo.DEF_CHAR_1    Script Date: 5/4/2000 18:55:55 ******/
CREATE DEFAULT DEF_CHAR_1
	AS ' '"
5.21157,JAQUETA JEANS CORACAO DE BOLINHA,INV26,,5CASACO,JAQUETA,SARJA,"***** Object:  Default dbo.DEF_CHAR_1    Script Date: 5/4/2000 18:55:55 ******/
CREATE DEFAULT DEF_CHAR_1
	AS ' '"
5.20564,MACAQUINHO BEBE LISTRA RAINBOW,INV26,,5MACACÃO,CURTO MC,TECIDO PLANO ESTAMPADO,"***** Object:  Default dbo.DEF_CHAR_1    Script Date: 5/4/2000 18:55:55 ******/
CREATE DEFAULT DEF_CHAR_1
	AS ' '"
5.20575,MACACAO BEBE MALHA ZOO COLOR,INV26,,5MACACÃO,CURTO MC,MALHA ESTAMPADA,"***** Object:  Default dbo.DEF_CHAR_1    Script Date: 5/4/2000 18:55:55 ******/
CREATE DEFAULT DEF_CHAR_1
	AS ' '"
5.20588,MOLETOM BEBE CAPUZ FILHOTES,INV26,,5CASACO,MOLETOM,MOLETOM ESTAMPADO,"***** Object:  Default dbo.DEF_CHAR_1    Script Date: 5/4/2000 18:55:55 ******/
CREATE DEFAULT DEF_CHAR_1
	AS ' '"
5.20747,CAMISETA UV FILHOTES,INV26,,5BLUSA UV,ML,PRAIA,"***** Object:  Default dbo.DEF_CHAR_1    Script Date: 5/4/2000 18:55:55 ******/
CREATE DEFAULT DEF_CHAR_1
	AS ' '"
5.20851,BLUSA MALHA MARGARIDA,INV26,,5BLUSA,MANGA CURTA,EMT,"***** Object:  Default dbo.DEF_CHAR_1    Script Date: 5/4/2000 18:55:55 ******/
CREATE DEFAULT DEF_CHAR_1
	AS ' '"
5.21162,JARDINEIRA BEBE MALHA AR LIVRE,INV26,,5JARDINEIRA,CURTO,MALHA ESTAMPADA,"***** Object:  Default dbo.DEF_CHAR_1    Script Date: 5/4/2000 18:55:55 ******/
CREATE DEFAULT DEF_CHAR_1
	AS ' '"
5.21224,VESTIDO MALHA MARGARIDA ML,INV26,,5VESTIDOS,CURTO ML,MALHA ESTAMPADA,"***** Object:  Default dbo.DEF_CHAR_1    Script Date: 5/4/2000 18:55:55 ******/
CREATE DEFAULT DEF_CHAR_1
	AS ' '"
5.21665,CONJUNTO UV BEBE LISTRA FLOR,INV26,,5CONJUNTO UV,BIQUINI + CAMISETA ML,PRAIA,"***** Object:  Default dbo.DEF_CHAR_1    Script Date: 5/4/2000 18:55:55 ******/
CREATE DEFAULT DEF_CHAR_1
	AS ' '"
